First Name,Last Name,Address,City,State,Zip,Contact Number,Email Address
Bhanuj,Gandhi,Hno 1163,Hyderabad,Telangana,132103,9999496149,gandhibhanuj@gmail.com
Anju,Gandhi,Sai Baba Chowk,Delhi,500032,500032,9812002090,ajaygandhi126@gmail.com
Rajat,Gulati,oubdwc,oubcdw,uodwc,803484,08238237932,giwdc@ciuc.com
Johny,Doe,12 Skystreet,Tokyo,Japan,189221,9873793222,john.doe@uieo.com
Ajay,Gandhi,Hno 1163,Panipat,Haryana,132103,9812002911,ajaygandhi126@gmail.com
Hello,Bye,Bhel,Biepa,Oiesks,289321,8928391089,hellobye@hb.com
