{
  "status": "success",
  "totalResults": 199,
  "results": [
    {
      "title": "Tesla recalls more than 8 lakh cars in the US over seat belt reminder alert",
      "link": "https://zeenews.india.com/electric-vehicles/tesla-recalls-more-than-8-lakh-cars-in-the-u-s-over-seat-belt-reminder-alert-2433369.html",
      "keywords": null,
      "creator": null,
      "video_url": null,
      "description": "The National Highway Traffic Safety Administration (NHTSA) said the recall pertains to 2021-2022 Model S and Model X, 2017-2022 Model 3, and 2020-2022 Model Y.",
      "content": null,
      "pubDate": "2022-02-04 03:44:00",
      "full_description": null,
      "image_url": null,
      "source_id": "zeenews",
      "country": ["india"],
      "category": ["business"],
      "language": "english"
    },
    {
      "title": "Porsche Taycan outsells all ICE cars in Norway, EVs take 83.7% market share in Jan.",
      "link": "https://www.teslarati.com/porsche-taycan-outsells-all-ice-cars-norway/",
      "keywords": ["News", "Featured", "Porsche", "Porsche Taycan"],
      "creator": ["Maria Merano"],
      "video_url": null,
      "description": "More Porsche Taycans were sold in Norway than internal-combustion-engine (ICE) cars in January 2022. The Taycan outsold fossil-fueled vehicles like the Toyota Corolla and the Honda Civic. Porsche sold 185 vehicles in total last month. There were 181 Porsche Taycans sold in January 2022, making up 98% of the legacy sports car maker’s sales in […] The post Porsche Taycan outsells all ICE cars in Norway, EVs take 83.7% market share in Jan. appeared first on TESLARATI.",
      "content": "More Porsche Taycans were sold in Norway than internal-combustion-engine (ICE) cars in January 2022. The Taycan outsold fossil-fueled vehicles like the Toyota Corolla and the Honda Civic. Porsche sold 185 vehicles in total last month. There were 181 Porsche Taycans sold in January 2022, making up 98% of the legacy sports car maker’s sales in Norway. In comparison, a total of 175 gas-only vehicles were registered in Norway last month. The top-selling car brand last month was Audi, with 952 car registrations. The Audi Q4 e-tron topped January 2022’s car registrations in Norway, with 643 vehicles sold. (adsbygoogle = window.adsbygoogle || []).push({}); Last year, electric vehicles started outselling ICE and hybrid vehicles in Norway, making up more than half of car sales by June 2021. In January 2022, 9 out of 10 first-time registered new passenger cars were electric vehicles. The only outlier or non-electric vehicle was the Toyota RAV4, a hybrid car. A total of 271 Toyota RAV4 hybrid vehicles were registered in January 2022.  New passenger car registrations dropped from 10,301 in January 2021 to 7,957 last month. However, the market share of electric cars increased by 30.7%, amounting to 83.7% in total. Rechargeable hybrid vehicles made up 6.8% market share. (Credit: Porsche) According to the Norwegian Road Federation (OFV), “no large boatloads of new cars” arrived in Norway in January, resulting in a 30% decline in new car registrations per day compared to the same month last year. OFV noted that the lack of boatloads affected its statistics, as shown by Tesla’s sharp drop in registrations in January. OFV stated the Tesla Model 3 was the most popular vehicle in 2021, and it dropped to 48th place in the OFV’s registration statistics last month.  However, Tesla still made some significant strides in Norway in January. The Texas-based EV automaker rolled out its non-Tesla Supercharger pilot program in Norway at the end of the month, widening its customer base at charging stations. With the rise of electric vehicle sales, Norway needs to build a robust charging infrastructure, and Tesla seems ready to step up to the challenge.  The Teslarati team would appreciate hearing from you. If you have any tips, reach out to me at maria@teslarati.com or via Twitter @Writer_01001101. The post Porsche Taycan outsells all ICE cars in Norway, EVs take 83.7% market share in Jan. appeared first on TESLARATI.",
      "pubDate": "2022-02-04 02:53:14",
      "full_description": null,
      "image_url": null,
      "source_id": "teslarati",
      "country": [
        "united states of america",
        "united kingdom",
        "india",
        "australia",
        "singapore",
        "saudi arabia",
        "canada"
      ],
      "category": ["technology", "science"],
      "language": "english"
    },
    {
      "title": "Hong Kong Tesla owner shocked by HK$171,000 bill to replace battery after company checks show ‘car was flooded’",
      "link": "https://www.scmp.com/news/hong-kong/hong-kong-economy/article/3165710/hong-kong-tesla-owner-shocked-hk171000-bill?utm_source=rss_feed",
      "keywords": null,
      "creator": ["Cannix Yau"],
      "video_url": null,
      "description": "Hong Kong financial services consultant Larry Campbell was shocked to receive a bill for more than HK$171,000 (US$21,960) from Tesla to replace the stalled battery in his five-year-old Model S limousine.The electric vehicle maker told him last October that its checks showed the battery had been through a flood, and that voided the eight-year warranty.“We were seriously frustrated and disappointed,” Campbell, 54, told the Post. “Tesla chose to assume with no conclusive evidence that my car was…",
      "content": null,
      "pubDate": "2022-02-04 02:30:17",
      "image_url": "https://cdn.i-scmp.com/sites/default/files/styles/1280x720/public/d8/images/canvas/2022/02/03/8422c173-3fb7-411e-a8ae-be7a1a0c3ce4_51f8ed47.jpg?itok=5Zev2mJI",
      "source_id": "scmp",
      "country": ["china"],
      "category": ["top"],
      "language": "english"
    },
    {
      "title": "All in a day: Zuckerberg loses US$29b, Bezos set to pocket US$20b",
      "link": "https://www.malaymail.com/news/money/2022/02/04/all-in-a-day-zuckerberg-loses-us29b-bezos-set-to-pocket-us20b/2039352",
      "keywords": ["mark zuckerberg", "jeff bezos", "world's richest"],
      "creator": null,
      "video_url": null,
      "description": "SAN FRANCISCO, Feb 4 — Mark Zuckerberg lost US$29 billion (RM121 billion) in net worth on Thursday as Meta Platforms Inc’s stock marked a record one-day plunge, while fellow billionaire Jeff Bezos was set to add US$20 billion to his personal...",
      "content": "Facebook CEO Mark Zuckerberg speaks during a live-streamed virtual and augmented reality conference to announce the rebrand of Facebook as Meta, October 28, 2021. ― Facebook/Handout via Reuters Follow us on Instagram and subscribe to our Telegram channel for the latest updates. SAN FRANCISCO, Feb 4 — Mark Zuckerberg lost US$29 billion (RM121 billion) in net worth on Thursday as Meta Platforms Inc’s stock marked a record one-day plunge, while fellow billionaire Jeff Bezos was set to add US$20 billion to his personal valuation after Amazon’s blockbuster earnings.Meta’s stock fell 26 per cent, erasing more than US$200 billion in the biggest ever single-day market value wipeout for a US company. That pulled down founder and Chief Executive Officer Zuckerberg’s net worth to US$85 billion, according to Forbes.Zuckerberg owns about 12.8 per cent of the tech behemoth formerly known as Facebook.Bezos, the founder and chairman of e-commerce retailer Amazon, owns about 9.9 per cent of the company, according to Refinitiv data. He is also the world’s third richest man, according to Forbes.Amazon’s holiday-quarter profit surged, thanks to its investments in electric vehicle company Rivian; and the company said it would hike annual prices of Prime subscriptions in the United States, sending its shares up 15 per cent in extended trading and readying it for its biggest per centage gain since October 2009 on Friday.Bezos’ net worth rose 57 per cent to US$177 billion in 2021 from a year earlier, according to Forbes, largely from Amazon’s boom during the pandemic when people were highly dependent on online shopping.Zuckerberg’s one-day wealth decline is among the biggest ever and comes after Tesla Inc top boss Elon Musk’s US$35 billion single-day paper loss in November. Musk, the world’s richest person, had then polled Twitter users if he should sell 10 per cent of his stake in the electric carmaker. Tesla shares have yet to recover from the resulting selloff.Following the US$29 billion wipeout, Zuckerberg is in the twelfth spot on Forbes’ list of real-time billionaires, below Indian business moguls Mukesh Ambani and Gautam Adani.To be sure, trading in technology stocks remains volatile as investors struggle to price in the impact of high inflation and an expected rise in interest rates. Meta shares could very well recover sooner rather than later, with the hit to Zuckerberg’s wealth staying on paper.Zuckerberg sold US$4.47 billion worth of Meta shares last year, before 2021’s tech rout. The stock sales were carried out as part of a pre-set 10b5-1 trading plan, which executives use to allay concerns about insider trading. — Reuters",
      "pubDate": "2022-02-04 01:44:34",
      "full_description": null,
      "image_url": null,
      "source_id": "malaymail",
      "country": ["singapore", "malaysia"],
      "category": ["business"],
      "language": "english"
    },
    {
      "title": "Rivian impulsa los beneficios de Ford a 17.910 millones de dólares en 2021",
      "link": "https://www.infobae.com/america/agencias/2022/02/04/rivian-impulsa-los-beneficios-de-ford-a-17910-millones-de-dolares-en-2021/",
      "keywords": null,
      "creator": ["Newsroom Infobae"],
      "video_url": null,
      "description": null,
      "content": "Washington, 3 feb (EFE).- Los beneficios netos de Ford se dispararon en 2021 a 17.910 millones de dólares, tras registrar el año anterior 1.276 millones en pérdidas, gracias a la inversión que la compañía ha realizado en el fabricante de vehículos eléctricos Rivian y pese a los problemas de producción causados por la escasez de chips. Ford dijo que en el último trimestre de 2021 ganó 12.300 millones de dólares de los que 8.200 millones proceden de su inversión en Rivian, empresa que empezó a cotizar en los mercados en noviembre de 2021. También señaló que sus ingresos aumentaron hasta 136.341 millones de dólares en el año pasado, un 7,23 % más que en 2020: 126.150 millones correspondieron a las actividades del automóvil; 10.073 millones a Ford Credit, el brazo financiero de la compañía: y 118 millones a la unidad de Movilidad. Las ganancias ajustadas antes de intereses e impuestos (EBIT) ascendieron a 10.000 millones de dólares. Ford prevé que el EBIT ajustado de 2022 se situará entre 11.500 y 12.500 millones de dólares, lo que supone un aumento de entre el 15 y el 25 %. El incremento de los beneficios en 2021 se produjo gracias a los buenos resultados que Ford logró en Norteamérica, donde su EBIT llegó a 7.377 millones de dólares, un 98,8 % más que hace un año. Pese a que en Suramérica, Europa y China, Ford registró pérdidas, sus resultados mejoraron de forma sustancial respecto a 2020. En Suramérica, Ford perdió 121 millones de dólares, lo que supone un mejora respecto a los 450 millones perdidos en 2020; mientras que en Europa las pérdidas ascendieron a 154 millones de dólares, frente a los 851 millones de dólares de 2020. En China, las pérdidas fueron de 327 millones de dólares, 172 millones menos que el año anterior. Finalmente en el resto del mundo, englobado en el Grupo de Mercados Internacionales, el EBIT se situó en 622 millones de dólares. El presidente y consejero delegado de Ford, Jim Farley, señaló durante una conferencia telefónica con analistas y medios de comunicación tras la publicación de los resultados que \"la profunda reestructuración\" que la compañía ha realizado en Europa y Suramérica ha puesto a Ford \"en una posición para aumentar\" su rentabilidad en el futuro. Farley declaró que Ford ha \"mejorado de forma significativa\" su negocio base y que en Norteamérica, el mayor mercado de la compañía, cuenta en estos momentos con una gama de nuevos vehículos de elevada demanda, como Bronco, Maverick, Mustang Mach-E, E-Transit y el F-150 Lightning. A pesar de los beneficios, las acciones de Ford perdieron cerca de un 6 % de su valor en el \"after-market\", tras el cierre de los mercados de valores, porque los resultados del último trimestre fueron muy inferiores a lo esperado por los analistas. Farley, dijo que los resultados de la compañía fueron sólidos y que estaba \"orgulloso\" de la respuesta de los consumidores a los vehículos eléctricos que están empezando a aparecer en los concesionarios. El ejecutivo también explicó que si Ford pudiese satisfacer la demanda que hay en esto momentos por la camioneta \"pickup\" eléctrica F-150 Lightning, le disputaría al Model Y de Tesla su posición en el mercado como el eléctrico de más ventas. El presidente de Ford también reconoció que la compañía está haciendo \"todo lo posible para aumentar\" la producción de vehículos eléctricos y que Ford \"infravaloró\" la demanda potencial de la primera oleada de vehículos eléctricos que ha lanzado. Ford dijo que sus ventas globales en 2021 se redujeron un 6 % a 3,94 millones de vehículos. EFE jcr/arc/rrt",
      "pubDate": "2022-02-04 00:50:16",
      "full_description": "Washington, 3 feb (EFE).- Los beneficios netos de Ford se dispararon en 2021 a 17.910 millones de dólares, tras registrar el año anterior 1.276 millones en pérdidas, gracias a la inversión que la compañía ha realizado en el fabricante de vehículos eléctricos Rivian y pese a los problemas de producción causados por la escasez de chips. Ford dijo que en el último trimestre de 2021 ganó 12.300 millones de dólares de los que 8.200 millones proceden de su inversión en Rivian, empresa que empezó a cotizar en los mercados en noviembre de 2021. También señaló que sus ingresos aumentaron hasta 136.341 millones de dólares en el año pasado, un 7,23 % más que en 2020: 126.150 millones correspondieron a las actividades del automóvil; 10.073 millones a Ford Credit, el brazo financiero de la compañía: y 118 millones a la unidad de Movilidad. Las ganancias ajustadas antes de intereses e impuestos (EBIT) ascendieron a 10.000 millones de dólares. Ford prevé que el EBIT ajustado de 2022 se situará entre 11.500 y 12.500 millones de dólares, lo que supone un aumento de entre el 15 y el 25 %. El incremento de los beneficios en 2021 se produjo gracias a los buenos resultados que Ford logró en Norteamérica, donde su EBIT llegó a 7.377 millones de dólares, un 98,8 % más que hace un año. Pese a que en Suramérica, Europa y China, Ford registró pérdidas, sus resultados mejoraron de forma sustancial respecto a 2020. En Suramérica, Ford perdió 121 millones de dólares, lo que supone un mejora respecto a los 450 millones perdidos en 2020; mientras que en Europa las pérdidas ascendieron a 154 millones de dólares, frente a los 851 millones de dólares de 2020. En China, las pérdidas fueron de 327 millones de dólares, 172 millones menos que el año anterior. Finalmente en el resto del mundo, englobado en el Grupo de Mercados Internacionales, el EBIT se situó en 622 millones de dólares. El presidente y consejero delegado de Ford, Jim Farley, señaló durante una conferencia telefónica con analistas y medios de comunicación tras la publicación de los resultados que \"la profunda reestructuración\" que la compañía ha realizado en Europa y Suramérica ha puesto a Ford \"en una posición para aumentar\" su rentabilidad en el futuro. Farley declaró que Ford ha \"mejorado de forma significativa\" su negocio base y que en Norteamérica, el mayor mercado de la compañía, cuenta en estos momentos con una gama de nuevos vehículos de elevada demanda, como Bronco, Maverick, Mustang Mach-E, E-Transit y el F-150 Lightning. A pesar de los beneficios, las acciones de Ford perdieron cerca de un 6 % de su valor en el \"after-market\", tras el cierre de los mercados de valores, porque los resultados del último trimestre fueron muy inferiores a lo esperado por los analistas. Farley, dijo que los resultados de la compañía fueron sólidos y que estaba \"orgulloso\" de la respuesta de los consumidores a los vehículos eléctricos que están empezando a aparecer en los concesionarios. El ejecutivo también explicó que si Ford pudiese satisfacer la demanda que hay en esto momentos por la camioneta \"pickup\" eléctrica F-150 Lightning, le disputaría al Model Y de Tesla su posición en el mercado como el eléctrico de más ventas. El presidente de Ford también reconoció que la compañía está haciendo \"todo lo posible para aumentar\" la producción de vehículos eléctricos y que Ford \"infravaloró\" la demanda potencial de la primera oleada de vehículos eléctricos que ha lanzado. Ford dijo que sus ventas globales en 2021 se redujeron un 6 % a 3,94 millones de vehículos. EFE jcr/arc/rrt",
      "image_url": null,
      "source_id": "infobae",
      "country": [
        "united states of america",
        "mexico",
        "argentina",
        "colombia"
      ],
      "category": ["top"],
      "language": "spanish"
    },
    {
      "title": "Starlink Premium: Musk lanza lujosa versión de internet con velocidad ultra rápida",
      "link": "https://www.elfinanciero.com.mx/empresas/2022/02/03/starlink-premium-musk-lanza-lujosa-version-de-internet-con-velocidad-ultra-rapida/",
      "keywords": null,
      "creator": ["Redacción"],
      "video_url": null,
      "description": "Los usuarios de Starlink Premium podrán disfrutar una velocidad de 150 a 500 Mbps.",
      "content": "Esta semana, el multimillonario y CEO de SpaceX, Elon Musk, dio a conocer el lanzamiento de la nueva versión más rápida de su servicio de internet satelital: Starlink Premium.En redes sociales, el dueño de Tesla compartió que ya está a la venta la “lujosa” versión y el costo del servicio es de 500 dólares mensuales (más de 10 mil pesos), precio superior a la estándar que es de 99 dólares (cerca de 2 mil pesos).Además, los consumidores interesados deberán pagar por la antena: el paquete premium cuesta 2 mil 500 dólares, es decir, aproximadamente 5 mil pesos mexicanos.De acuerdo con la página web de la empresa, el servicio ofrece una antena más grande y con mayor rendimiento, además de resistir condiciones climáticas extremas. Incluso, señala que no hay contratos a largo plazo, límites de datos, ni requisitos de exclusividad.“Este nuevo diseño habilita velocidades de internet más rápidas y mayor rendimiento, ideales para usuarios con la mayor demanda como negocios”, detalla el sitio web.Los usuarios podrán disfrutar una velocidad de descarga de “150 a 500 Mbps y latencia de 20 a 40 ms”, lo cual permitirá una conectividad con mayor rendimiento, ideal para pequeñas oficinas y tiendas.En el paquete de Starlink Premium viene incluido el router WIFI, los cables y la base; este equipo también se puede instalar en ubicaciones rurales y remotas.Sin embargo, la empresa aclaró que, por ahora, solo es posible hacer reservas y las entregas comenzarán a partir del segundo trimestre de 2022.Starlink high performance antenna https://t.co/83kIQSNV3l— Elon Musk (@elonmusk) February 2, 2022",
      "pubDate": "2022-02-04 00:26:23",
      "full_description": "Esta semana, el multimillonario y CEO de SpaceX, Elon Musk, dio a conocer el lanzamiento de la nueva versión más rápida de su servicio de internet satelital: Starlink Premium . En redes sociales, el dueño de Tesla compartió que ya está a la venta la “lujosa” versión y el costo del servicio es de 500 dólares mensuales (más de 10 mil pesos), precio superior a la estándar que es de 99 dólares (cerca de 2 mil pesos). Además, los consumidores interesados deberán pagar por la antena: el paquete premium cuesta 2 mil 500 dólares, es decir, aproximadamente 5 mil pesos mexicanos. Escándalo para Musk: Trabajadora lesbiana demanda a Tesla por ‘racismo desenfrenado’ De acuerdo con la página web de la empresa, el servicio ofrece una antena más grande y con mayor rendimiento, además de resistir condiciones climáticas extremas . Incluso, señala que no hay contratos a largo plazo, límites de datos, ni requisitos de exclusividad. “Este nuevo diseño habilita velocidades de internet más rápidas y mayor rendimiento, ideales para usuarios con la mayor demanda como negocios”, detalla el sitio web. Los usuarios podrán disfrutar una velocidad de descarga de “150 a 500 Mbps y latencia de 20 a 40 ms”, lo cual permitirá una conectividad con mayor rendimiento, ideal para pequeñas oficinas y tiendas. En el paquete de Starlink Premium viene incluido el router WIFI, los cables y la base; este equipo también se puede instalar en ubicaciones rurales y remotas. Sin embargo, la empresa aclaró que, por ahora, solo es posible hacer reservas y las entregas comenzarán a partir del segundo trimestre de 2022. Starlink high performance antenna https://t.co/83kIQSNV3l — Elon Musk (@elonmusk) February 2, 2022",
      "image_url": null,
      "source_id": "elfinanciero",
      "country": ["mexico"],
      "category": ["top"],
      "language": "spanish"
    },
    {
      "title": "Elon Musk says he took his kids to Walmart to see if the toilet paper shortage was real",
      "link": "https://www.hola.com/us/celebrities/20220203309220/elon-musk-took-kids-to-walmart-to-see-toilet-paper-shortage/",
      "keywords": null,
      "creator": ["Jovita Trujillo"],
      "video_url": null,
      "description": "Thinking back to early 2020 at the start of the COVID-19 pandemic can send shivers down your spine. There were a lot of chaotic things, but in the United States, there was one shortage that left the rest of the world confused- toilet paper. Suddenly there was no...",
      "content": "Thinking back to early 2020 at the start of the COVID-19 pandemic can send shivers down your spine. There were a lot of chaotic things, but in the United States, there was one shortage that left the rest of the world confused- toilet paper. Suddenly there was no toilet paper, or toilet paper substitutes in stores as people panicked and stockpiled like it was a full-blown apocalypse. Videos of empty shelves went viral and many people saw it on their own, but of course, there was a certain percentage of people who would never have to worry about not having toilet paper- billionaires. But it doesn’t mean they didn’t hear about it, Elon Musk actually went someplace he would probably never step foot in just to see - Walmart. GettyImages Musk brought up the toilet paper shortage while comparing it to the global chip shortage, per Insider. It all went down during Tesla’s Q4 earnings call last week. Once Musk caught wind of the shortage he got in the car with his kids and headed to the H-E-B supermarket and Walmart to confirm it was real. “I wasn‘t sure, is this like a real thing or not? I actually took my kids to the H-E-B and Walmart in Texas to just confirm if it was real. Indeed, it was. And there’s plenty of food and everything else but just nothing, no paper products,” he said. The father said earlier, ﻿“I think there‘s some degree of the toilet paper problem as well where there was a toilet paper shortage during COVID. Obviously, it wasn’t really certainly a tremendous enhanced need for ass-wiping. It‘s just people panicked and got every paper product you could possibly wipe your ass with basically.” “If [the] end of the world is coming, I think toilet paper is the least of your problems,” he added. RELATED:Elon Musk’s ex Grimes adds another tattoo that extraterrestrials would be proud ofElon Musk’s biggest supporters of his Starlink satellites might be cold catsJamie Lynn Spears tells Elon Musk that he owes her ‘a couple cats’ Musk has 6 living kids but he did not say which ones had the exciting opportunity of going to Walmart. He welcomed his youngest son X Æ A-Xii with his ex-girlfriend Grimes in 2020 and shares custody of his five sons with his former wife Justin Wilson. The former couple welcomed twins Griffin and Xavier in 2004, and triplets Kai, Saxon, and Damian Musk in 2006 through IV. Their first child, Nevada Alexander Musk was born in 2002 and died at just 10 weeks old of sudden infant death syndrome. GettyImages Elon Musk and X Æ A-Xii",
      "pubDate": "2022-02-04 00:17:12",
      "full_description": "By Jovita Trujillo - Los Angeles February 03, 2022 7:17 PM EST Thinking back to early 2020 at the start of the COVID-19 pandemic can send shivers down your spine. There were a lot of chaotic things, but in the United States, there was one shortage that left the rest of the world confused- toilet paper. Suddenly there was no toilet paper, or toilet paper substitutes in stores as people panicked and stockpiled like it was a full-blown apocalypse. Videos of empty shelves went viral and many people saw it on their own, but of course, there was a certain percentage of people who would never have to worry about not having toilet paper- billionaires. But it doesn’t mean they didn’t hear about it, Elon Musk actually went someplace he would probably never step foot in just to see - Walmart. ©GettyImages Musk brought up the toilet paper shortage while comparing it to the global chip shortage, per Insider. It all went down during Tesla’s Q4 earnings call last week. Once Musk caught wind of the shortage he got in the car with his kids and headed to the H-E-B supermarket and Walmart to confirm it was real. “I wasn‘t sure, is this like a real thing or not? I actually took my kids to the H-E-B and Walmart in Texas to just confirm if it was real. Indeed, it was. And there’s plenty of food and everything else but just nothing, no paper products,” he said. The father said earlier, ﻿“I think there‘s some degree of the toilet paper problem as well where there was a toilet paper shortage during COVID. Obviously, it wasn’t really certainly a tremendous enhanced need for ass-wiping. It‘s just people panicked and got every paper product you could possibly wipe your ass with basically.” “If [the] end of the world is coming, I think toilet paper is the least of your problems,” he added. related: Elon Musk’s ex Grimes adds another tattoo that extraterrestrials would be proud of Elon Musk’s biggest supporters of his Starlink satellites might be cold cats Jamie Lynn Spears tells Elon Musk that he owes her ‘a couple cats’ Musk has 6 living kids but he did not say which ones had the exciting opportunity of going to Walmart. He welcomed his youngest son X Æ A-Xii with his ex-girlfriend Grimes in 2020 and shares custody of his five sons with his former wife Justin Wilson. The former couple welcomed twins Griffin and Xavier in 2004, and triplets Kai, Saxon, and Damian Musk in 2006 through IV. Their first child, Nevada Alexander Musk was born in 2002 and died at just 10 weeks old of sudden infant death syndrome. ©GettyImages Elon Musk and X Æ A-Xii Sign up to our newsletter to stay in touch with your cultura. Get the latest on your favorite celebrities, royals, and the best beauty, fashion, and lifestyle news delivered right to your inbox! More about Elon Musk",
      "image_url": "https://www.hola.com/us/images/0272-145c39360979-785631ef22ba-1000/horizontal-1200/1358883304-collage-u45308816018gbp.jpg",
      "source_id": "hola",
      "country": ["united states of america"],
      "category": ["entertainment"],
      "language": "english"
    },
    {
      "title": "US star Joe Rogan, podcaster in eye of misinformation storm",
      "link": "https://www.malaymail.com/news/showbiz/2022/02/04/us-star-joe-rogan-podcaster-in-eye-of-misinformation-storm/2039324",
      "keywords": [
        "spotify",
        "neil young",
        "misinformation",
        "joni mitchell",
        "joe rogan"
      ],
      "creator": null,
      "video_url": null,
      "description": "WASHINGTON, Feb 4 — US podcast star Joe Rogan, who has been called out by music legends Neil Young and Joni Mitchell for spreading Covid-19 disinformation on the huge Spotify streaming service, is as popular as he is provocative. At 54, the former...",
      "content": "Joe Rogan was already famous when he began the program in 2009. — AFP pic Follow us on Instagram and subscribe to our Telegram channel for the latest updates. WASHINGTON, Feb 4 — US podcast star Joe Rogan, who has been called out by music legends Neil Young and Joni Mitchell for spreading Covid-19 disinformation on the huge Spotify streaming service, is as popular as he is provocative.At 54, the former taekwondo champion has millions of fans, who appreciate his outspokenness, his iconoclastic ideas, and the variety of his guests. But he also has many detractors, starting with luminaries Young and Mitchell, who removed their music from Spotify in protest at its hosting of Rogan’s podcast.He has spread disinformation about the coronavirus and other topics on the air. Both musicians said the false claims, and Spotify’s failure to do anything about them, was the reason for their decision. R&B singer India Arie followed suit, citing what she said were Rogan’s “problematic” comments on race. For his accusers, he is particularly dangerous because his show The Joe Rogan Experience, which has been broadcast exclusively on Spotify since 2020 under a deal worth an estimated US$100 million (RM418 million), attracts a staggering 11 million listeners per episode on average.Often with a glass of whisky in hand, he chats casually for two to three hours with a guest on topics as varied as flying saucers, psychedelic drugs, red meat and fitness, slipping in an expletive here and there. ‘Megaphone of right-wing lies’Rogan, with a tongue as sharp as his arms are tattooed, was already famous when he began the program in 2009.A comedian and martial arts commentator known for tight T-shirts and what critics have branded his “toxic masculinity,” in the 1990s he was a TV actor on sitcoms including NBC’s NewsRadio. Later he hosted the popular reality show Fear Factor.When he launched the podcast, his ratings quickly took off.People from all walks of life asked to come on. In 12 years, he has hosted nearly 1,000 guests — 88 per cent of them male, according to the fan site JRELibrary. They include Tesla boss Elon Musk, who smoked a joint on his set, whistleblower Edward Snowden and film director Oliver Stone. But Rogan has also given voice to climate sceptics, conspiracy theorist Alex Jones and, since the start of the pandemic, figures in the anti-vaccine movement, earning him the label of “a veritable megaphone of right-wing lies” by progressive website Media Matters for America.Posing as a critic of political correctness, he has attacked the left for demonising conservatives and flirted with unfounded theories held dear by former president Donald Trump’s supporters — notably about the presence of undercover FBI agents among the US Capitol attackers on January 6 2021. Like the former Republican president, he hates “losers.” “I grew up around a lot of losers and one of them was my dad,” a former police officer who was violent and who left his family, Rogan said in an interview in 2016. “There was a lot of desire to not be like that guy and not be like all of these people around me who had no hope and no future.” ‘Differing opinions’ vs misinformationYet he defends himself against accusations of being an ideologue or of voting exclusively on the right. An atheist who supports gay marriage, the decriminalisation of soft drugs, and the preservation of gun rights, he calls himself a libertarian and said he even considered supporting self-described socialist Senator Bernie Sanders in the last Democratic primary.As for his guests, “I’m interested in having interesting conversations with people that have differing opinions. I’m not interested in only talking to people that have one perspective,” he said in a video posted on Instagram after Young’s criticism that seemingly conflated misinformation with opinions.“I’m not trying to promote misinformation,” he continued. “I will do my best to try to balance out these more controversial viewpoints with other people’s perspectives.”He said he agreed with Spotify’s announcement in response to Young and Mitchell that Covid podcasts would include links to factual and scientifically sourced information. In a perhaps telling comment for someone who was already famous before launching his podcast, he admitted he had not been ready for the “strange” responsibility of having “this many viewers and listeners.”“It’s nothing that I prepared for, and it’s nothing that I ever anticipated.” — AFP               ",
      "pubDate": "2022-02-03 23:37:30",
      "full_description": null,
      "image_url": null,
      "source_id": "malaymail",
      "country": ["singapore", "malaysia"],
      "category": ["top"],
      "language": "english"
    },
    {
      "title": "Zuckerberg pierde 31,000 mdd con caída de Meta y sale del top 10 de los más ricos del mundo",
      "link": "https://www.elfinanciero.com.mx/empresas/2022/02/03/tomala-zuckerberg-pierde-31-mil-mdd-con-el-desplome-de-meta/",
      "keywords": null,
      "creator": ["Scott Carpintero / Bloomberg"],
      "video_url": null,
      "description": "Meta sufrió un desplome histórico de sus acciones después de que sus resultados mostraran un estancamiento en usuarios de Facebook.",
      "content": "El patrimonio de Mark Zuckerberg disminuyó en 31 mil millones de dólares, una de las mayores caídas de la historia en un solo día, después de que los resultados del cuarto trimestre de Meta Platforms no cumplieran las expectativas de los analistas.Meta se encuentra en medio de un desplome histórico de sus acciones después de que sus resultados mostraran un estancamiento del crecimiento de los usuarios mensuales de Facebook en el último trimestre en relación con el periodo anterior, lo que generó preocupación por el crecimiento futuro de la empresa. Las acciones llegaron a caer un 27 por ciento el jueves en Nueva York.La fuerte caída de Meta deja a Zuckerberg, el director ejecutivo de la compañía, con un patrimonio neto de alrededor de 92 mil millones, por debajo de los 120 mil 600 millones al cierre del mercado el miércoles, según el índice Bloomberg Billionaires.Esta cifra es suficiente para sacar al millonario de 37 años de la lista de las 10 personas más ricas del mundo por primera vez desde julio de 2015.Una pérdida de patrimonio de 31 mil millones en un día, sería la segunda más grande jamás causada por una caída en el precio de las acciones, solo superada por las volátiles oscilaciones de la fortuna de Elon Musk.La persona más rica del mundo perdió 35 mil millones en un día en noviembre cuando las acciones de Tesla cayeron tras una encuesta de Twitter en la que Musk preguntaba si debía vender el 10% de su participación en la empresa. Su patrimonio neto también se desplomó 25.8 mil millones la semana pasada.Los cofundadores de Meta también enfrentan caídas sin precedentes en sus fortunas personales.Dustin Moskovitz, la 79ª persona más rica del mundo con un patrimonio neto de 21 mil 200 millones hasta el miércoles, ha perdido alrededor de 3 mil millones, mientras que Eduardo Saverin, con una fortuna de 17.500 mil millones, ha perdido más de 4 mil millones.",
      "pubDate": "2022-02-03 23:17:31",
      "full_description": "El patrimonio de Mark Zuckerberg disminuyó en 31 mil millones de dólares, una de las mayores caídas de la historia en un solo día, después de que los resultados del cuarto trimestre de Meta Platforms no cumplieran las expectativas de los analistas. Meta se encuentra en medio de un desplome histórico de sus acciones después de que sus resultados mostraran un estancamiento del crecimiento de los usuarios mensuales de Facebook en el último trimestre en relación con el periodo anterior, lo que generó preocupación por el crecimiento futuro de la empresa. Las acciones llegaron a caer un 27 por ciento el jueves en Nueva York. La fuerte caída de Meta deja a Zuckerberg , el director ejecutivo de la compañía, con un patrimonio neto de alrededor de 92 mil millones, por debajo de los 120 mil 600 millones al cierre del mercado el miércoles, según el índice Bloomberg Billionaires. Caída de Meta: Estas son las razones de su desplome histórico en EU Esta cifra es suficiente para sacar al millonario de 37 años de la lista de las 10 personas más ricas del mundo por primera vez desde julio de 2015. Una pérdida de patrimonio de 31 mil millones en un día, sería la segunda más grande jamás causada por una caída en el precio de las acciones, solo superada por las volátiles oscilaciones de la fortuna de Elon Musk. La persona más rica del mundo perdió 35 mil millones en un día en noviembre cuando las acciones de Tesla cayeron tras una encuesta de Twitter en la que Musk preguntaba si debía vender el 10% de su participación en la empresa. Su patrimonio neto también se desplomó 25.8 mil millones la semana pasada. Los cofundadores de Meta también enfrentan caídas sin precedentes en sus fortunas personales. Dustin Moskovitz, la 79ª persona más rica del mundo con un patrimonio neto de 21 mil 200 millones hasta el miércoles, ha perdido alrededor de 3 mil millones, mientras que Eduardo Saverin, con una fortuna de 17.500 mil millones, ha perdido más de 4 mil millones.",
      "image_url": null,
      "source_id": "elfinanciero",
      "country": ["mexico"],
      "category": ["top"],
      "language": "spanish"
    },
    {
      "title": "The Fast and the Autonomous: Self-Driving Cars Can Drift Now",
      "link": "https://futurism.com/autonomous-racecar-drift",
      "keywords": [
        "Advanced Transport",
        "autonomous driving",
        "the digest",
        "toyota"
      ],
      "creator": ["Victor Tangermann"],
      "video_url": null,
      "description": "Tokyo Drift Researchers at the Toyota Research Institute (TRI) have modified a Supra sports to car to have it perform sick drifts around a racetrack — without a driver behind the wheel. While it’s extremely fun to watch the sleek vehicle spin its wheels and wave around obstacles, the institute claims it’s all in the […]",
      "content": "Robio Drift Researchers at the Toyota Research Institute (TRI) have modified a Supra sports to car perform sick drifts around a racetrack — without a driver behind the wheel. While it’s extremely fun to watch the sleek vehicle spin its wheels and weave around obstacles, the institute claims it’s all in the name of car safety. And no, this unfortunately isn’t about creating a chaotic new motorsport — and in the end, they say, it’s not even about autonomous driving itself. “At TRI, our goal is to use advanced technologies that augment and amplify humans, not replace them,” said Avinash Balachandran, a senior manager at TRI, in a statement. Supra Reaction Time Researchers behind the stunt are hoping to glean insights into how professional racecar drivers react in certain situations, like hitting a patch of black ice on the road, and use their learnings to develop future car safety features. “Through this project, we are expanding the region in which a car is controllable,” Balachandran explained, “with the goal of giving regular drivers the instinctual reflexes of a professional race car driver to be able to handle the most challenging emergencies and keep people safer on the road.” For instance, “when faced with wet or slippery roads, professional drivers may choose to ‘drift’ the car through a turn, but most of us are not professional drivers,” said Jonathan Goh, TRI research scientist, in the statement. To make sure it doesn’t crash, the vehicle is crunching a huge amount of data, recalculating its route twenty times a second. It can also apply its brakes to each of its four wheels individually. It’s an impressive feat of engineering that could one day even save lives. READ MORE: Toyota Research Institute Pushes Vehicle’s Capabilities To Advance Active Safety [Toyota Research Institute] More on autonomous cars: Watch Tesla’s Full Self-Driving Mode Steer Toward Oncoming Highway Traffic The post The Fast and the Autonomous: Self-Driving Cars Can Drift Now appeared first on Futurism.",
      "pubDate": "2022-02-03 23:15:27",
      "full_description": null,
      "image_url": null,
      "source_id": "futurism",
      "country": ["united states of america"],
      "category": ["technology", "science"],
      "language": "english"
    }
  ],
  "nextPage": 1
}
