{
  "status": "success",
  "totalResults": 588,
  "results": [
    {
      "title": "Coronavirus: Hong Kong will seek to ramp up testing capacity to 200,000 per day amid growing outbreak",
      "link": "https://www.scmp.com/news/hong-kong/health-environment/article/3165792/coronavirus-hong-kong-will-seek-ramp-testing?utm_source=rss_feed",
      "keywords": null,
      "creator": ["Kathleen Magramo"],
      "video_url": null,
      "description": "Hong Kong aims to ramp up its coronavirus testing capacity to 200,000 per day amid an uptick of Delta and Omicron cases towards the end of the Lunar New Year holiday, a senior official has said.The disclosure came as a source told the Post that more than 130 cases were expected to be confirmed on Friday, of which only two were imported.Secretary for the Civil Service Patrick Nip Tak-kuen said the Omicron strain was spreading rapidly, and the rising number of untraceable cases meant that even…",
      "content": null,
      "pubDate": "2022-02-04 04:29:38",
      "image_url": "https://cdn.i-scmp.com/sites/default/files/styles/1280x720/public/d8/images/canvas/2022/02/04/ec56e9d0-5ae2-4aa0-bb90-de8a77a0d8c6_36ec51f4.jpg?itok=VZEsFuo_",
      "source_id": "scmp",
      "country": ["china"],
      "category": ["top"],
      "language": "english"
    },
    {
      "title": "India reports over 500,000 deaths from Covid-19, experts count millions more",
      "link": "https://www.malaymail.com/news/world/2022/02/04/india-reports-over-500000-deaths-from-covid-19-experts-count-millions-more/2039377",
      "keywords": ["india", "covid-19", "covid deaths"],
      "creator": null,
      "video_url": null,
      "description": "NEW DELHI, Feb 4 — India’s death toll from Covid-19 crossed 500,000 on Friday, a level many health experts say was breached last year but obscured by inaccurate surveys and unaccounted dead in the hinterlands, where millions remain vulnerable to...",
      "content": "Healthcare workers are seen inside a Covid-19 ward at Sir Ganga Ram Hospital in New Delhi, September 3, 2021. ― Reuters pic Follow us on Instagram and subscribe to our Telegram channel for the latest updates. NEW DELHI, Feb 4 — India’s death toll from Covid-19 crossed 500,000 on Friday, a level many health experts say was breached last year but obscured by inaccurate surveys and unaccounted dead in the hinterlands, where millions remain vulnerable to the disease.The country, which has the fourth-highest tally of deaths globally, recorded 400,000 deaths by July last year after the devastating outbreak from the Delta variant of the coronavirus, according to official data. Some experts believe the figures were much higher.“Our study published in the journal Science estimates three million Covid deaths in India until mid-2021 using three different databases,” Chinmay Tumbe, an assistant professor at the Indian Institute of Management, Ahmedabad who co-authored the study, told Reuters.Last month, the Indian government dismissed the study as baseless in a notification saying there is a robust system of birth and death reporting.India’s states record deaths from Covid-19 after collating data from their districts. In the last few months, several states have updated the number of deaths, some under pressure from the country’s top court. In most instances, authorities said there were lapses due to delayed registrations and other administrative errors.India is currently in the midst of a third wave of the coronavirus led by the Omicron variant, which some top experts say is already in community transmission although federal officials say most cases are mild.Last month, the government eased testing norms and told states to drop mandatory testing for contacts of confirmed cases unless they were old or battling other conditions. But, with the number of tests falling, the government issued a revised circular warning states they would miss the spread of the virus.But, as many infected people took the option of not testing at all, total infection numbers may not reflect the extent and severity of cases, said Gautam Menon, a professor of physics and biology at Ashoka University near the capital who has been tracking the spread of the virus.According to official figures, India’s overall number of Covid-19 infections has reached 41.95 million, the second-highest globally behind the United States.Reconciliation with time, griefIndia’s cumulative tally of 500,055 deaths on Friday included 1,072 fatalities reported over the last 24 hours, according to the federal health ministry. Out of this, 335 deaths were reported from the southern state of Kerala that has, for weeks, been updating data with deaths from last year.Kerala, with less than 3 per cent of India’s 1.35 billion population, accounts for nearly 11 per cent of the total deaths reported in the country.“Some states such as Kerala are recording their backlog deaths under judicial pressure, although not all states have done that,” Menon said.In Prime Minister Narendra Modi’s home state of Gujarat, authorities have received over 100,000 claims for Covid-19 compensation, of which 87,000 claims have been approved, according to a senior government official.The number of claims received is nearly ten times the official Covid-19 death toll of 10,545, as per government data.“There has not been any under-reporting of Covid-19 deaths...The policy for paying compensation is very liberal as per the Supreme Court’s directives, which is why the number of applicants is more than the Covid-19 deaths,” the official said. — Reuters",
      "pubDate": "2022-02-04 04:13:39",
      "full_description": null,
      "image_url": null,
      "source_id": "malaymail",
      "country": ["singapore", "malaysia"],
      "category": ["top"],
      "language": "english"
    },
    {
      "title": "Adal Ramones da positivo a Ómicron tras su llegada a España por un nuevo proyecto",
      "link": "https://www.sinembargo.mx/03-02-2022/4117053",
      "keywords": [
        "AS MÉXICO",
        "CULTURA Y ENTRETENIMIENTO",
        "En foco SOFÁ",
        "TIEMPO REAL",
        "Adal Ramones",
        "Ciudad de México",
        "Covid-19",
        "España",
        "Madrid",
        "México",
        "Omicrón",
        "pandemia",
        "positivo",
        "resto del mundo"
      ],
      "creator": ["Redacción/SinEmbargo"],
      "video_url": null,
      "description": "Después de que el conductor, actor y comediante, Adal Ramones, viajará a España para un nuevo proyecto, reportó en redes sociales que se contagió de COVID y su variante Ómicron.",
      "content": "Después de que el conductor, actor y comediante, Adal Ramones, viajará a España para un nuevo proyecto, reportó en redes sociales que se contagió de COVID y su variante Ómicron. Por Dora Méndez Ciudad de México, 3 de febrero (ASMéxico).- La pandemia continúa presente tanto en México como en el resto del mundo y ahora el conductor Adal Ramones compartió con sus fans que dio positivo a COVID-19 en su variante Ómicron, tras haber llegado de la Ciudad de México a Madrid, España, por lo que ahora se encuentra recuperándose y encerrado en una habitación de hotel. Adal Ramones, actual conductor de La Academia, condujo Otro Rollo durante 12 años. Foto: Twitter vía @adalramones. A través de su cuenta de Instagram, el presentador de televisión compartió qué fue lo que ocurrió y cuál es su estado de salud actual. “Yo venía bien contento de la Ciudad de México, acá a Madrid para participar en una película, y de repente tengo COVID”, relató Adal. “Y pues nada, me dio Ómicron, y acá, encerrado en Madrid, sin poder ir a un bar de tapas, sin poder tener ensayos presenciales, más que tuve algo de maquillaje y peinado, pero falta vestuario, ensayos con los actores”, agregó. View this post on Instagram A post shared by Adal Ramones (@adalramones) Aunque aclaró que las grabaciones de la película iniciarán en marzo y abril, por lo que tendrá tiempo para recuperarse, pero lamentó el no poder salir a conocer la ciudad. Y detalló que tuvo que viajar varias semanas antes para poder estar presente en los últimos preparativos de la producción. Ramones también dijo que sólo tuvo una reunión presencial y las demás han sido virtuales. “Aquí vamos a estar unos días más encerrados en la habitación de este hotel, uno propone y Dios dispone, entonces a cuidarnos, se contagia uno fácil”, finalizó su mensaje. View this post on Instagram A post shared by Adal Ramones (@adalramones) Mientras que en otra publicación compartió un video y dijo que a pesar de que está solo y con COVID en Madrid, se siente bien pues casi no ha tenido síntomas, por lo que invitó a su público a vacunarse con las dos dosis y el refuerzo. “Si puedes, hazlo”, expresó el comediante. En cuanto a la película que grabará en los próximo meses el artista, no se tiene más información al respecto, sólo lo que hasta ahora a adelantado Adal. ESTE CONTENIDO ES PUBLICADO POR SINEMBARGO CON AUTORIZACIÓN EXPRESA DE AS MÉXICO. VER ORIGINAL AQUÍ. PROHIBIDA SU REPRODUCCIÓN.",
      "pubDate": "2022-02-04 04:13:29",
      "image_url": "https://i2.wp.com/www.sinembargo.mx/wp-content/uploads/2018/09/adal-ramones.jpg",
      "source_id": "sinembargo",
      "country": ["mexico"],
      "category": ["top"],
      "language": "spanish"
    },
    {
      "title": "Australia may use defense forces to help COVID-hit aged-care sector",
      "link": "https://nationalpost.com/pmn/health-pmn/australia-may-use-defense-forces-to-help-covid-hit-aged-care-sector",
      "keywords": null,
      "creator": ["Reuters"],
      "video_url": null,
      "description": "SYDNEY — Australia could use its defense forces to help manage a COVID-19 outbreak in the aged-care sector that has stretched staffing and forced many homes into lockdowns, the prime minister said on Friday as national infection numbers remained on a downtrend. The government has come under pressure over the spread of the Omicron variant […]",
      "content": "SYDNEY -- Australia could use its defense forces to help manage a COVID-19 outbreak in the aged-care sector that has stretched staffing and forced many homes into lockdowns, the prime minister said on Friday as national infection numbers remained on a downtrend. Read More",
      "pubDate": "2022-02-04 04:10:36",
      "full_description": "SYDNEY — Australia could use its defense forces to help manage a COVID-19 outbreak in the aged-care sector that has stretched staffing and forced many homes into lockdowns, the prime minister said on Friday as national infection numbers remained on a downtrend. The government has come under pressure over the spread of the Omicron variant in aged-care homes, with Richard Colbeck, minister for senior Australians and aged care services, drawing criticism after he attended a cricket match instead of appearing before a parliamentary committee looking into the outbreaks. Prime Minister Scott Morrison said he had asked the ministers of defense and health to see how defense forces could support care homes, where many staff have had to isolate because of infections. Morrison said about 560 aged-care residents had died since Omicron hit in late 2021. He told reporters the defense force was not a “shadow workforce” for the sector and cautioned against “simple solutions to complex problems” but said they had to consider options. “When you’re the prime minister, and the minister for health and aged care, and the minister for defense, you have to deal with practical options that work,” he said. The Australian Defence Force has been involved in managing the pandemic response, with a lieutenant general put in charge of the vaccine rollout and troops made part of the monitoring of lockdowns in big cities. Total daily COVID-19 infections dipped across Australia on Friday and were on track to be the lowest in more than a month, with about 30,000 new cases logged in the biggest states. With some states still to report figures, a total of 81 deaths had been reported on Friday. (Reporting by Sam McKeith Editing by Robert Birsel)",
      "image_url": null,
      "source_id": "nationalpost",
      "country": ["canada"],
      "category": ["top"],
      "language": "english"
    },
    {
      "title": "Covid-19 : face à Omicron en entreprise, comment une PME mise sur la « solidarité féminine »",
      "link": "https://www.lemonde.fr/economie/article/2022/02/04/face-a-la-vague-omicron-comment-une-pme-bretonne-s-adapte-et-mise-sur-la-solidarite-feminine_6112261_3234.html",
      "keywords": null,
      "creator": null,
      "video_url": null,
      "description": "Chez Sofis, organisme de formation dans le Morbihan, l’immense majorité des 48 CDI sont des mères de famille pour qui la cinquième vague du coronavirus est « une bataille ». « En se serrant les coudes », elles ont pourtant maintenu l’activité sans « laisser personne de côté ».",
      "content": null,
      "pubDate": "2022-02-04 04:08:27",
      "full_description": "C’est un texto devenu tellement banal que « le téléphone pourrait presque l’écrire tout seul ». « Maîtresse positive, je ne sais pas comment je vais pouvoir travailler, je te tiens au courant » , voilà le message qu’a envoyé, lundi 31 janvier, Morgane Tuffigo à sa responsable, tout en cherchant à établir « le nouveau plan de bataille de la semaine ». Un dernier jour à l’image de ce mois de janvier « chaotique et épuisant », qui a paru « durer un an » à cette assistante comptable de 38 ans, salariée de Sofis, organisme de formation installé à Belz (Morbihan). Comme dans toute la France , la vague Omicron continue de déferler au sein de cette société spécialisée dans la santé et la sécurité au travail, malgré les premiers signes de décrue au niveau national et l’allégement, mardi, de certaines restrictions sanitaires . Comme nombre de PME, la petite équipe bretonne a redouté les conséquences de ce énième variant sur son activité – elle délivre quelque 6 000 formations chaque année – et, surtout, sur l’organisation du travail. Dans cette commune de 3 700 habitants, Sofis emploie quarante-huit personnes en CDI, et plus de sept cents formateurs en CDD, à travers la France. La crainte d’absentéisme se fait d’autant plus grande que Sofis embauche, pour une immense majorité, des femmes. « Et même plus précisément des mères », dans des situations familiales qui en font le « premier recours pour la garde des enfants », précise la directrice générale, Leslie Dumontet. Pourtant, « on a réussi à n’avoir qu’un seul arrêt depuis début janvier », et « tout continue de bien fonctionner » malgré la multiplication des situations à gérer en dernière minute, se réjouit la trentenaire. Le secret de cette rareté ? « On a fait confiance et on laisse les équipes libres de gérer leur temps comme elles l’entendent. » Pour cette semaine, Morgane Tuffigo a ainsi proposé ses solutions. Pas de télétravail, faute de réseau suffisant à son domicile. « Quand je me connecte, le terminal de paiement de l’entreprise de mon mari ne peut pas fonctionner, et mon aînée ne peut pas utiliser son téléphone portable, bonjour la crise… » Alors, ce sera des journées de travail commencées plus tôt, une pause déjeuner raccourcie pour aller déposer la cadette chez sa grand-mère « retraitée depuis six mois, une chance » , et une fin de journée un peu anticipée sur l’horaire habituel. Ce n’est certes pas la solution idéale – « merci la télé d’occuper nos enfants » , grince la Bretonne de 38 ans – mais, au moins, « je ne prends pas de retard et l’activité n’est pas bloquée ». Il vous reste 70.86% de cet article à lire. La suite est réservée aux abonnés.",
      "image_url": "https://img.lemde.fr/2022/02/03/166/0/4724/2362/644/322/60/0/090444d_218019152-jup0088017.jpg",
      "source_id": "lemonde",
      "country": ["france"],
      "category": ["business"],
      "language": "french"
    },
    {
      "title": "Canada province vows to end Covid restrictions ‘very soon’",
      "link": "https://www.rt.com/news/548271-canada-saskatchewan-covid-restrictions/?utm_source=rss&utm_medium=rss&utm_campaign=RSS",
      "keywords": null,
      "creator": ["RT"],
      "video_url": null,
      "description": "Canada’s Saskatchewan province is set to drop its coronavirus restrictions “very soon” Read Full Article at RT.com",
      "content": "Saskatchewan Premier Scott Moe said it’s time to get ‘back to normal’ Canada’s Saskatchewan province will soon lift all of its Covid-19 measures, the regional government said, arguing that residents are tired of intrusions into their lives and a perpetual state of panic triggered by the pandemic. “Covid is not ending, but government restrictions on your rights and freedoms – those will be ending, and ending very soon,” Moe said in a video posted to Twitter on Wednesday night. “What’s necessary is your freedom. What’s necessary is getting your life back to normal, and it’s time.” The public health order which created Saskatchewan's Covid rules is set to expire later this month, but currently requires masking at indoor public spaces, proof of vaccination or a negative test result for government employees, as well as mandatory self-isolation for anyone who screens positive for the virus. Is it time to end COVID-19 restrictions?Here‘s what I think, and what I’m hearing from Saskatchewan people.[pt 1/2] pic.twitter.com/w0nguqF4zY— Scott Moe (@PremierScottMoe) February 3, 2022 In addition to dropping the remaining restrictions, beginning February 7, the province will limit access to PCR testing to “priority populations,” including healthcare workers, international travelers and residents currently showing symptoms, according to interim Health Authority chief Derek Miller. Walk-in and drive-through test sites previously open to the general public will also be shuttered at that time, and the government will stop providing weekly updates on new Covid cases, deaths, testing and vaccinations. The premier went on to state that the measures would be halted not because “Covid has ended” – saying it is impossible to eliminate the virus for good – but rather because “people understand it better.” “They understand what they need to do. They understand the risk and they are prepared to live with that risk, more than they are prepared to live with the ongoing government intrusion into their lives,” he continued, adding that a “perpetual state of crisis” has had a “harmful impact on everyone” over the last two years. Read more Plan to tax unvaccinated dropped to avoid ‘angry’ backlash Though Saskatchewan has seen a spike in coronavirus infections in recent months, said to be fueled by the Omicron variant, deaths in the province remain well below previous stages of the pandemic. It has tallied just over 1,000 fatalities since the global outbreak kicked off in late 2019. Other Canadian provinces have also hinted at dropping some of their restrictions, with the country’s most populous region of Ontario unveiling plans to gradually scale back its measures late last month. Alberta’s chief health officer, Deena Hinshaw, also recently argued that such restrictions cannot be used “in the long-term,” suggesting it, too, could look to drop them soon.  Covid-19 measures and associated mandates have become a hot topic of debate across Canada as of late. Major protests over vaccination requirements for long-haul truck drivers have erupted in its capital city of Ottawa and at multiple locations near the border with the United States, creating a blockade of trucks that effectively shut down a border crossing in Alberta.",
      "pubDate": "2022-02-04 03:58:38",
      "full_description": "Canada’s Saskatchewan province will soon lift all of its Covid-19 measures, the regional government said, arguing that residents are tired of intrusions into their lives and a perpetual state of panic triggered by the pandemic. “Covid is not ending, but government restrictions on your rights and freedoms – those will be ending, and ending very soon,” Moe said in a video posted to Twitter on Wednesday night. “What’s necessary is your freedom. What’s necessary is getting your life back to normal, and it’s time.” The public health order which created Saskatchewan's Covid rules is set to expire later this month, but currently requires masking at indoor public spaces, proof of vaccination or a negative test result for government employees, as well as mandatory self-isolation for anyone who screens positive for the virus. Is it time to end COVID-19 restrictions?Here‘s what I think, and what I’m hearing from Saskatchewan people.[pt 1/2] pic.twitter.com/w0nguqF4zY In addition to dropping the remaining restrictions, beginning February 7, the province will limit access to PCR testing to “priority populations,” including healthcare workers, international travelers and residents currently showing symptoms, according to interim Health Authority chief Derek Miller. Walk-in and drive-through test sites previously open to the general public will also be shuttered at that time, and the government will stop providing weekly updates on new Covid cases, deaths, testing and vaccinations. The premier went on to state that the measures would be halted not because “Covid has ended” – saying it is impossible to eliminate the virus for good – but rather because “people understand it better.” “They understand what they need to do. They understand the risk and they are prepared to live with that risk, more than they are prepared to live with the ongoing government intrusion into their lives,” he continued, adding that a “perpetual state of crisis” has had a “harmful impact on everyone” over the last two years. Though Saskatchewan has seen a spike in coronavirus infections in recent months, said to be fueled by the Omicron variant, deaths in the province remain well below previous stages of the pandemic. It has tallied just over 1,000 fatalities since the global outbreak kicked off in late 2019. Other Canadian provinces have also hinted at dropping some of their restrictions, with the country’s most populous region of Ontario unveiling plans to gradually scale back its measures late last month. Alberta’s chief health officer, Deena Hinshaw, also recently argued that such restrictions cannot be used “in the long-term,” suggesting it, too, could look to drop them soon. Covid-19 measures and associated mandates have become a hot topic of debate across Canada as of late. Major protests over vaccination requirements for long-haul truck drivers have erupted in its capital city of Ottawa and at multiple locations near the border with the United States, creating a blockade of trucks that effectively shut down a border crossing in Alberta.",
      "image_url": "https://cdni.rt.com/files/2022.02/thumbnail/61fca2ee20302724eb09ce30.jpg",
      "source_id": "rt",
      "country": ["united kingdom"],
      "category": ["top"],
      "language": "english"
    },
    {
      "title": "Adal Ramones tiene covid-19; se queda aislado en hotel de Madrid",
      "link": "https://www.excelsior.com.mx/funcion/adal-ramones-tiene-covid-19-se-queda-aislado-en-hotel-de-madrid/1496670",
      "keywords": null,
      "creator": ["nancy.corro"],
      "video_url": null,
      "description": "REDACCIÓN | CIUDAD DE MÉXICOAdal Ramones había logrado no contagiarse de covid-19 hasta que viajó a Madrid para participar en la filmación de una película. El actor y conductor compartió en sus redes sociales detalles de su vuelo y lo contento que se encontraba con su nuevo proyecto, hasta que dio positivo a coronavirus. “Venía contento venía feliz y de repente tengo covid aquí en Madrid y pues no he salido, nada más fui a la primera reunión con Morena Films y con el director Paco Caballero y con parte del staff”, detalló el comediante mediante su cuenta de Instagram. Desde la habitación del hotel en el que se hospeda, el famoso ha compartido con sus miles de seguidores cómo vive el encierro por haber dado positivo a covid-19. “Me dio covid, me dio Ómicron y aquí estoy encerrado en Madrid sin poder ir a un bar de tapas, sin poder tener ensayos presenciales”, expresó Ramores. “Aquí vamos a estar unos días más encerrado en la habitación de este hotel. Me siento muy bien, estoy tranquilo, no tengo ningún síntoma, pero salí positivo en las pruebas”, detalló. En otro video, el comediante aparece bailando a modo de celebración por tener las dos vacunas y el refuerzo anti covid, lo que muy probablemente evitó que desarrollara síntomas o tuviera complicaciones. Ver esta publicación en Instagram Una publicación compartida de Adal Ramones (@adalramones) nerc Contenidos Relacionados: Leticia Calderón da positivo a covid-19; la cachan bailando en bikini durante su aislamiento Erika Buenfil da positivo a covid-19: Las noches se hacen largas por la tos¿Diego Verdaguer se vacunó contra covid? Sus hijas se contradicen",
      "content": null,
      "pubDate": "2022-02-04 03:43:19",
      "full_description": "Adal Ramones dio positivo a covid-19 | @adalramones  Adal Ramones había logrado no contagiarse de covid-19 hasta que viajó a Madrid para participar en la filmación de una película. El actor y conductor compartió en sus redes sociales detalles de su vuelo y lo contento que se encontraba con su nuevo proyecto, hasta que dio positivo a coronavirus. “Venía contento venía feliz y de repente tengo covid aquí en Madrid y pues no he salido, nada más fui a la primera reunión con Morena Films y con el director Paco Caballero y con parte del staff”, detalló el comediante mediante su cuenta de Instagram. Desde la habitación del hotel en el que se hospeda, el famoso ha compartido con sus miles de seguidores cómo vive el encierro por haber dado positivo a covid-19. “Me dio covid, me dio Ómicron y aquí estoy encerrado en Madrid sin poder ir a un bar de tapas, sin poder tener ensayos presenciales”, expresó Ramores. “Aquí vamos a estar unos días más encerrado en la habitación de este hotel. Me siento muy bien, estoy tranquilo, no tengo ningún síntoma, pero salí positivo en las pruebas”, detalló. En otro video, el comediante aparece bailando a modo de celebración por tener las dos vacunas y el refuerzo anti covid, lo que muy probablemente evitó que desarrollara síntomas o tuviera complicaciones. Ver esta publicación en Instagram Una publicación compartida de Adal Ramones (@adalramones) nerc",
      "image_url": null,
      "source_id": "excelsior",
      "country": ["mexico"],
      "category": ["entertainment"],
      "language": "spanish"
    },
    {
      "title": "South Korea extends social distancing rules as Omicron Covid-19 cases spike",
      "link": "https://www.tnp.sg/lifestyle/travel/south-korea-extends-social-distancing-rules-omicron-covid-19-cases-spike",
      "keywords": null,
      "creator": null,
      "video_url": null,
      "description": "SEOUL (REUTERS) - South Korea extended Covid-19 social distancing rules on Friday (Feb 4) for an additional two weeks...",
      "content": null,
      "pubDate": "2022-02-04 03:37:53",
      "full_description": "SEOUL (REUTERS) - South Korea extended Covid-19 social distancing rules on Friday (Feb 4) for an additional two weeks as Omicron variant infections soar, including a 9pm curfew for restaurants and a six-person limit on private gatherings. The restrictions were due to end on Sunday but Prime Minister Kim Boo-kyum said the extension was necessary to slow the spread of Omicron amid fears the Lunar New Year holiday, which ended on Wednesday, may have fuelled infections. \"Slowing the pace of the Omicron's spread, which is heading to its peak day after day, is a priority in this difficult circumstance,\" he said at a televised government response meeting. New daily cases have tripled over the past two weeks, but the number of deaths and serious infections have remained relatively low in the highly vaccinated country. South Korea reported a record daily increase of 27,443 new Covid-19 cases, with 24 new deaths, the Korea Disease Control and Prevention Agency said on Friday. Nearly 86 per cent of the country's 52 million population are fully vaccinated, with 53.8 per cent having received booster shots. To handle the surge in cases, the government has rolled out a new testing regime under which only priority groups take a polymerase chain reaction (PCR) test while others can get a rapid antigen test at a clinic for faster initial diagnosis. It also reduced the mandatory quarantine time for vaccinated people who test positive from 10 days to a week, and allowed more people with few or no symptoms to be treated at home. Overall, South Korea has reported 934,656 Covid-19 cases, and 6,836 deaths since the pandemic began.",
      "image_url": "https://www.tnp.sg/sites/default/files/styles/rl580/public/md_skcovid_04022022.jpg?itok=vKqle-dG",
      "source_id": "tnp",
      "country": ["singapore"],
      "category": ["top"],
      "language": "english"
    },
    {
      "title": "Review confirms reduced severity of SARS-CoV-2 Omicron infection",
      "link": "https://www.news-medical.net/news/20220203/Review-confirms-reduced-severity-of-SARS-CoV-2-Omicron-infection.aspx",
      "keywords": null,
      "creator": null,
      "video_url": null,
      "description": "Researchers review existing literature to quantify the transmissibility, immune evasion, reinfection, and severity of the SARS-CoV-2 Omicron variant.",
      "content": null,
      "pubDate": "2022-02-04 03:35:00",
      "full_description": null,
      "image_url": "https://d2jx2rerrg6sh3.cloudfront.net/image-handler/picture/2022/2/shutterstock_1694845366.jpg",
      "source_id": "news-medical",
      "country": [
        "united states of america",
        "united kingdom",
        "india",
        "australia",
        "singapore",
        "canada"
      ],
      "category": ["health"],
      "language": "english"
    },
    {
      "title": "A mysterious coronavirus variant has been found in New York City wastewater — and no one knows where it came from",
      "link": "https://www.deseret.com/coronavirus/2022/2/3/22915939/new-coronavirus-variant-new-york-city-wastewater-covid-19",
      "keywords": null,
      "creator": ["Herb Scribner"],
      "video_url": null,
      "description": null,
      "content": "People wait in line at a COVID-19 testing site in New York’s Times Square on Dec. 13, 2021. The fast-moving omicron variant is complicating a key question: How does the COVID-19 pandemic end and the world co-exist with this virus? | Seth Wenig, Associated Press New York City officials observed a potential new variant in wastewater, but say it is no threat to people A team of researchers in New York City was searching for the coronavirus in the city’s wastewater when they discovered something surprising — viral fragments with a unique collection of mutations for a coronavirus variant that had been never been discovered. Why this matters: This is a potential sign of a new undetected COVID-19 variant that hasn’t made its way through New York City or the country yet. Yes, but: Researchers said there’s no evidence that the lineage could become a risk to humans since it’s been circulating for at least one year, according to The New York Times. What’s happening: The New York City researchers published their recent findings in the scientific journal Nature Communications. They’re still unsure where this potential variant came from. They suspect the lineages may be coming from people who are infected with the coronavirus but aren’t captured by genetic sequencing. The lineages could be coming from animals infected with COVID-19, including rats. The bigger picture: “I think it’s really important that we find the source, and we have not been able to pin that down,” said one of the researchers, John Dennehy, a virologist at Queens College, according to The New York Times. Understanding different COVID-19 lineages can be an important tool to understanding the virus itself. Recently, a study published on the Research Square preprint platform ahead of peer review found that the omicron variant may be a combination of the BA.1 and B.35 lineages. While BA.1 is strong enough to represent 4.17% of all COVID-19 cases, the B.35 lineage has only been seen in 0.0019% of sequences. The bottom line: So while there may be new variants and lineages out there, some of them continue to go undetected.",
      "pubDate": "2022-02-04 03:30:00",
      "full_description": "A team of researchers in New York City was searching for the coronavirus in the city’s wastewater when they discovered something surprising — viral fragments with a unique collection of mutations for a coronavirus variant that had been never been discovered. Why this matters: This is a potential sign of a new undetected COVID-19 variant that hasn’t made its way through New York City or the country yet. Yes, but: Researchers said there’s no evidence that the lineage could become a risk to humans since it’s been circulating for at least one year, according to The New York Times. What’s happening: The New York City researchers published their recent findings in the scientific journal Nature Communications. They’re still unsure where this potential variant came from. They suspect the lineages may be coming from people who are infected with the coronavirus but aren’t captured by genetic sequencing. The lineages could be coming from animals infected with COVID-19, including rats. Related Experts already have a prediction about the next COVID-19 variant New study reveals how COVID-19 variants may develop The bigger picture: “I think it’s really important that we find the source, and we have not been able to pin that down,” said one of the researchers, John Dennehy, a virologist at Queens College, according to The New York Times. Understanding different COVID-19 lineages can be an important tool to understanding the virus itself. Recently, a study published on the Research Square preprint platform ahead of peer review found that the omicron variant may be a combination of the BA.1 and B.35 lineages. While BA.1 is strong enough to represent 4.17% of all COVID-19 cases, the B.35 lineage has only been seen in 0.0019% of sequences. The bottom line: So while there may be new variants and lineages out there, some of them continue to go undetected.",
      "image_url": null,
      "source_id": "deseret",
      "country": ["united states of america"],
      "category": ["sports"],
      "language": "english"
    }
  ],
  "nextPage": 1
}
